Cohort,Incident Rate (%)
2020-05,0.20895664149688942
2020-06,2.659448164505865
2020-07,3.1296006078738663
2020-08,2.36500926057843
2020-09,1.8283706130977824
2020-10,0.23745072897373795
